<?xml version="1.0" encoding="UTF-8" standalone="yes"?>
<applications xmlns="http://documentation.bonitasoft.com/application-xml-schema/1.0">
    <application token="immigrationProcess" version="1.0" profile="User" homePage="agentHomePage" state="ACTIVATED" layout="custompage_defaultlayout" theme="custompage_bootstrapdefaulttheme">
        <displayName>Immigration Process</displayName>
        <description>Immigration Process</description>
        <iconPath></iconPath>
        <applicationPages>
            <applicationPage customPage="custompage_AgentHomePage" token="agentHomePage"/>
        </applicationPages>
        <applicationMenus/>
    </application>
</applications>
