<?xml version="1.0" encoding="UTF-8" standalone="yes"?>
<applications xmlns="http://documentation.bonitasoft.com/application-xml-schema/1.0">
    <application token="DqVerifierHomePage" version="1.0" profile="User" homePage="DqVerifierHomePage" state="ACTIVATED" layout="custompage_defaultlayout" theme="custompage_bootstrapdefaulttheme">
        <displayName>Immigration Process</displayName>
        <description></description>
        <iconPath></iconPath>
        <applicationPages>
            <applicationPage customPage="custompage_DqVerifierHomePage" token="DqVerifierHomePage"/>
        </applicationPages>
        <applicationMenus/>
    </application>
</applications>
