<?xml version="1.0" encoding="UTF-8" standalone="yes"?>
<businessObjectModel modelVersion="1.0" productVersion="7.2.0.beta-02">
    <businessObjects>
        <businessObject qualifiedName="com.evoketechnologies.model.EmployementDetails">
            <fields>
                <field type="STRING" length="255" name="companyName" nullable="true" collection="false"/>
                <field type="DATE" length="255" name="joiningDate" nullable="true" collection="false"/>
                <field type="DATE" length="255" name="relievingDate" nullable="true" collection="false"/>
                <field type="STRING" length="255" name="designation" nullable="true" collection="false"/>
                <field type="STRING" length="255" name="experience" nullable="true" collection="false"/>
            </fields>
            <uniqueConstraints/>
            <queries/>
            <indexes/>
        </businessObject>
        <businessObject qualifiedName="com.evoketechnologies.model.EducationalDetails">
            <fields>
                <field type="STRING" length="255" name="qualification" nullable="true" collection="false"/>
                <field type="STRING" length="255" name="joiningYear" nullable="true" collection="false"/>
                <field type="STRING" length="255" name="complitionYear" nullable="true" collection="false"/>
            </fields>
            <uniqueConstraints/>
            <queries/>
            <indexes/>
        </businessObject>
        <businessObject qualifiedName="com.evoketechnologies.model.CandidateDetails">
            <fields>
                <field type="STRING" length="255" name="name" nullable="true" collection="false"/>
                <field type="DATE" length="255" name="dob" nullable="true" collection="false"/>
                <field type="STRING" length="255" name="gender" nullable="true" collection="false"/>
                <field type="STRING" length="255" name="mobile" nullable="true" collection="false"/>
                <field type="STRING" length="255" name="email" nullable="true" collection="false"/>
                <field type="STRING" length="255" name="adhaar" nullable="true" collection="false"/>
                <field type="STRING" length="255" name="pan" nullable="true" collection="false"/>
                <field type="STRING" length="255" name="address" nullable="true" collection="false"/>
                <relationField type="COMPOSITION" reference="com.evoketechnologies.model.EmployementDetails" fetchType="EAGER" name="employement" nullable="true" collection="true"/>
                <relationField type="COMPOSITION" reference="com.evoketechnologies.model.EducationalDetails" fetchType="EAGER" name="qualification" nullable="true" collection="true"/>
            </fields>
            <uniqueConstraints/>
            <queries/>
            <indexes/>
        </businessObject>
        <businessObject qualifiedName="com.evoketechnologies.model.AccountRegistration">
            <fields>
                <field type="STRING" length="255" name="agentRegNumber" nullable="true" collection="false"/>
                <field type="STRING" length="255" name="agentName" nullable="true" collection="false"/>
                <field type="LOCALDATE" length="255" name="createDate" nullable="true" collection="false"/>
                <field type="STRING" length="255" name="officePhoneNum" nullable="true" collection="false"/>
                <field type="STRING" length="255" name="emailId" nullable="true" collection="false"/>
                <field type="STRING" length="255" name="passportName" nullable="true" collection="false"/>
                <field type="STRING" length="255" name="passportNumber" nullable="true" collection="false"/>
                <field type="STRING" length="255" name="companyDocument" nullable="true" collection="false"/>
                <field type="STRING" length="255" name="companyLicense" nullable="true" collection="false"/>
                <field type="STRING" length="255" name="status" nullable="true" collection="false"/>
                <field type="STRING" length="255" name="verifiedBy" nullable="true" collection="false"/>
                <field type="LOCALDATE" length="255" name="modifiedDate" nullable="true" collection="false"/>
                <field type="STRING" length="255" name="dqVerifierRemarks" nullable="true" collection="false"/>
                <field type="STRING" length="255" name="dqAdminRemarks" nullable="true" collection="false"/>
                <field type="LONG" length="255" name="caseId" nullable="true" collection="false"/>
                <field type="LONG" length="255" name="processId" nullable="true" collection="false"/>
                <field type="LONG" length="255" name="agentId" nullable="true" collection="false"/>
                <field type="STRING" length="255" name="agentTaskStatus" nullable="true" collection="false"/>
                <field type="LONG" length="255" name="dqVerifierId" nullable="true" collection="false"/>
                <field type="STRING" length="255" name="dqVerifierTaskStatus" nullable="true" collection="false"/>
                <field type="LONG" length="255" name="dqAdminId" nullable="true" collection="false"/>
                <field type="STRING" length="255" name="dqAdminTaskStatus" nullable="true" collection="false"/>
            </fields>
            <uniqueConstraints/>
            <queries>
                <query name="findNewRequest" content="SELECT a&#xD;&#xA;FROM AccountRegistration a &#xD;&#xA;WHERE a.processId IN (select a.processId from  AccountRegistration a  where a.persistenceId   in (SELECT max (persistenceId) FROM AccountRegistration ))&#xD;&#xA;ORDER BY a.persistenceId ASC" returnType="java.util.List">
                    <queryParameters/>
                </query>
                <query name="findAgentRequest" content="SELECT a &#xA;FROM AccountRegistration a &#xA;WHERE&#xA; a.agentId = :agentId &#xA;ORDER BY a.persistenceId ASC" returnType="java.util.List">
                    <queryParameters>
                        <queryParameter name="agentId" className="java.lang.Long"/>
                    </queryParameters>
                </query>
                <query name="findDQVerifierRequest" content="SELECT a &#xD;&#xA;FROM AccountRegistration a &#xD;&#xA;WHERE&#xD;&#xA;a.dqVerifierId = :dqVerifierId&#xD;&#xA;AND a.dqVerifierTaskStatus = 'Y'&#xD;&#xA;ORDER BY a.persistenceId ASC&#xD;&#xA;" returnType="java.util.List">
                    <queryParameters>
                        <queryParameter name="dqVerifierId" className="java.lang.Long"/>
                    </queryParameters>
                </query>
                <query name="findDQAdminRequest" content="SELECT a &#xD;&#xA;FROM AccountRegistration a &#xD;&#xA;WHERE&#xD;&#xA;a.dqAdminId = :dqAdminId&#xD;&#xA;AND a.dqAdminTaskStatus = 'Y'&#xD;&#xA;ORDER BY a.persistenceId ASC" returnType="java.util.List">
                    <queryParameters>
                        <queryParameter name="dqAdminId" className="java.lang.Long"/>
                    </queryParameters>
                </query>
            </queries>
            <indexes/>
        </businessObject>
    </businessObjects>
</businessObjectModel>
